index, address, balance
0, 0xdca93600514CfAa160c2A6D70A871ecddAC5E324, 87999909833421520380987593339270528
1, 0x3E07F138dFbF5875CfaB2F8113153F1433811C5B, 1000000098928658868391207172192720
2, 0x932d34e485Ba6449c87Fb0bb43cb7f16C91517DB, 1000000098928658868391207172192720
3, 0xf2c0A14d51CBFED462896801da0A1B4bBF5aaaaf, 1000000098928658868391207172192720
4, 0x4061c8A430507c9544DDE940E56165D8fb1745Dd, 1000000098928658868391207172192720
5, 0x4b294048C3feC9df23B963f621203DDef62DA622, 1000000098928658868391207172192720
6, 0x5aCd03a9fe07FD9b00bADA42aaA9eA1b5A5CD019, 250000024556926705017341405157710
7, 0xE9a594FD69eCF043d3941558944562F6259089e0, 250000024556926705017341405157710
8, 0x302650Fa8306D5d0dba2DF0edf61aF5590Af5A70, 250000024556926705017341405157710
9, 0x8D3878C7848112a8D16ACa32c8DCC54b8bb48767, 250000024556926705017341405157710
10, 0x41211736C5a302312fA1F7F211CDFF9fBA12c391, 666666732410545235690771389162797
11, 0xf7bE744659c60F0cEE1F6D8C2ec9c7bB7f582Aa7, 666666732410545235690771389162797
12, 0x857C6C75c1409F576e8635d49a2f9Ecb5585d317, 666666732410545235690771389162797
13, 0xEFb6D2755b0EA7dc8ef2Fab7635589F95d44f83c, 666666732410545235690771389162797
14, 0x109A840FcF54e6561D401E431d3FD02cb384eF91, 666666732410545235690771389162797
15, 0x8D925AB2F401D3270c6C6C629a3C8b1058ECb12E, 666666732410545235690771389162797
16, 0x1239834E2E5b63224aA7656460e9397855E59EBb, 1000000098928658868391207172192720
17, 0xB3dD86D271aEF11c1cF154312d8f95982A5A416a, 1000000098928658868391207172192720
18, 0x9651Ce34a8599c8b96d0EADa51926fe1F0E3DAF2, 131652240307927383790
19, 0x9651Ce34a8599c8b96d0EADa51926fe1F0E3DAF2, 131652240307927383790
20, 0xf809a4156b5abD7b74A94D8A99C93CcBdAdB7d07, 5498001057811719943614691
21, 0x496B528C81291ecF6EA9Be5f415Ee3a8c58e4D1a, 12019443969892890867
22, 0xFDe087989038b47e94b07720e551F1e479a3D600, 116657329
23, 0xeA53a1DF2c7ad251bB71dcB47a88696C0C54BCe2, 504829894107936408
24, 0xB91E92D65DE650B0bEdFC13Be0396Ae69e882FCc, 1167508749993597266
25, 0x0567Ae42AE1F60210E9A6134Fed9af195B1F7b66, 2934921787725764087
26, 0xDC88CE5690f420bfCd7B0f07E5a761e6F26e0594, 874961239438822972
27, 0x5FA4Bc7c7167305f3AccfDaeC851e89364547da5, 682225988947444341
28, 0x6ebFE62CB648fa2E41e7bB458Cc38eA24a767B58, 14479766168037189883836738
29, 0x810327A96Adc8aa51242c9eF3B4b1C3Ba85C75E3, 47579262892311150934489354
30, 0xc1FEB153Af5C69B541062Bdd2a72456E60457457, 90524445188385895
31, 0xC6005D771a410ccFc248A42f6aCB64Eb70e9b319, 49381033656740642
32, 0x20379b73F1Eff11256528Ae1849E4C6306e1BC9F, 244604215813127066
33, 0xC0FB195dEB3fE4943ceE79a930D49C47aCd26379, 3920495815021401189
34, 0x5E4f94Ce37De5Bfbd6e79893f86d0DF4DE023CcA, 6200403624391264415
35, 0x5d020506cdde6CEbF5d71f9A0c25d982Af0E9Ac7, 8784623437758698671233
36, 0xF3FD28383c2D710D8d0B023ec5880670F30C1aED, 79995274815246580
37, 0x2f206436a0503E6eEC1CD19e21001eCdcB2D5f24, 139858759084340882
38, 0x264008f16cB0F4F272Bc621C6C33368D5c4e61f1, 148065645604209255240066782
39, 0x773aBbA61838D0e43aD90973697a39513790486f, 180467561949702277
40, 0x9e3505877A5eb19235aba1E0b5079a9ff1d43F18, 208590986473311769
41, 0xb6f69E74550aa8E70900D18833B605Ca602C164A, 71478861117588823
42, 0xede63be2cAFd27155968A9d3082b62A1085414a8, 9307806046128871806
43, 0x4bfA5f694d41624BD5b4aeE0E8261233199f4513, 129722401436278414
44, 0xc24803c0e601Eddb264EF5056B818C7ACc387471, 513950133454984291
45, 0x787618D7900c273A4852D797C9430280aa40A5Dd, 1740878306080900651
46, 0xE3E206fa5012c2F59602AbD2e7BbCE4f8cf586C9, 637311168983741606
47, 0x4ee021E0E7316ac8E10b71459424A6D27DeD8930, 2708278239295358981
48, 0xA63328aE7c2Da36133D1F2ecFB9074403667EfE4, 1108019298456000
49, 0x2Fcaf35aA65E9192FE9AbDCFE3cF91C6a0286964, 37159986390988
50, 0x465DE0aCA02549c18c1A3e3a3293aA5B3184E1BA, 2629629815630022394
51, 0x20e4Ee7C0079e2B453DE2b9Fc787B9D21852cC2B, 226687692514871120
52, 0x0627b4c6E08eEb3712C24713F4EB561e3f33319C, 626375336875593039831497566
53, 0x8Db1A4D0AcDb0dAA11839290F73d304318bEE336, 90343319658096874
54, 0x00B9F632372eA238ad595E8BA1351F6bc7F139c9, 2971859573284685682
55, 0x2fB311ff5d8BC310C588FF976A30481Bd51E53f3, 719749797886529762
56, 0x9Dd281c18578cA5f7DB21aC478046B0D798Bc157, 21404535871558838486
57, 0x3e9642BC6e9C5831Df7413b51291c5Fb89836Bf1, 144944823982158885
58, 0x8F12EB0C6E8aC9533F9e1DFE7a93814657e71f4c, 20978227153164500
59, 0x24F0B95F0Da434696260156becCbf4ADceb89E39, 400000045574373434
60, 0xF95914b07Ba55768A89C377551B28fbac5ab7ab0, 2552772206337487
61, 0x22E1DDe04f4Ea88F4DB49DF6ACeBaEbdE60F23bB, 688315735520015293
62, 0x737271cd226B2C5cecAE70D1660c828AE2f9Db4f, 771395214888957230
63, 0xa157A251a437481f900c529841f99e7a0818B259, 3040273051796692687
64, 0xC24081E9bD51094b375eF19B91bB963E3Ee101DD, 8174101694708087
65, 0x96B89676DBb6f24D09C26f7ed202a30be87cf348, 3513910310486203476
66, 0x755Ff83D1B68893C9327a0bb5a1867E77c772b02, 6345242532723257838614564
67, 0xDdc0EF3F6930e68970c444A4883B2C2356bB3F75, 17000850430531230747
68, 0xb0dC121584Ba4516BA5A744177E41c54Ab677D3c, 23715783071253477
69, 0xEBc2f7b56FAF88Cec5A776F636b8F02841f6f9f2, 15215518203697065
70, 0x67F5200Da91CF6cb8bb914Dbf33e9C420ba25eDf, 116300193526261820
71, 0xbB1488cE943d606912446776F11Cdf1463253dA7, 1391739911747373327
72, 0x4E50966D318711fE3AAC588dd277D37451f41Bae, 324158402965280901
73, 0xd2Fc371C3Aeeb51Fe6A18f021b433391224d542B, 993429439413914
74, 0x481C20d99F800bcFddBBD8C6518f9898D81c5815, 2147251513467894902
75, 0xB87A1814A1F01154bDdE9984D186392ddD029FA6, 23335915277260906578016326
76, 0x9E6A745024DfCE2C833363452BfcfB1fCba7946b, 265767130649822311
77, 0xa9C0EbBe862503aB377F66C49f6BD4319d17C619, 1263938376
78, 0x31792CdDc90C39E1aF9d5f9214fE137e4ACAE9A6, 113501943557043361130962346
79, 0x280079432386Ba000A086aEE1De18F154d8C3a1f, 9397174110493148347963480
80, 0xDf0E094281B5d240Bf127B30e346E08f1D986c86, 323481413513230719
81, 0x0c810437Ca4e03DA7578deC3096466C616FC8450, 922672197696286576
82, 0x1ae6a2F7FE29cA225aAdF404aa11Fe9c59432577, 45227632428075957602046905
83, 0x7e617C8f2b2255B3b3913da17Cb409F8f2193585, 3252881707449175
84, 0x37CB8e889a7354Efe1dEC81555310527cC4fD889, 6325059949333177036
85, 0x361612a0c511bAf6168b57214f57A0038Df3b187, 4673665102815557104
86, 0xe3A45BE94BA0B6e29cC14fdA34A0D80B6b0451b5, 20763989977066757610626482
87, 0x5bC252338Ac2634aDfE706BAccC88fAeEB2C18D3, 65746358295952893160730027
88, 0x05813Ce0468c299Ff310a097850572AeF40347b3, 256233775784199658
89, 0xE66Cb9A7ee3eD2f6360a6D1C7131698eF72e1dC3, 1585629972992299262
90, 0x7f51220E5940214E6B097832eB4C3873ab0c6F79, 145690648845532464
91, 0xD41fDEeD44A1c340Ab292B80A0a7493766158835, 14050143799587486554960206
92, 0x182e76c00e84c2D42B3d1B5543e7F6bDE09f022F, 19930035051838938341
93, 0x090ED03EA2C1a1a529327C6Ba51eb94caeDcdE9b, 2093018675735697744
94, 0x395F719dcc7336af8a2bd4BbABa83bfcDDd80f35, 69461209304166910
95, 0x61FE34858480c543566a637e25eafF8B62186D6a, 5785003834321464288
96, 0x4Ce6551FF9F01E8E69C5E52896fA2800c2A84c25, 5933794132569707494
97, 0xeFB266F29cb341ed30e9D3bE252A78Fe7cBEa7A3, 139536089881172240
98, 0xb2A757155Be567b4E08aaa90900C30ed3abF3e37, 54002906824936141745864962
99, 0xF02357F8863dFb8905A0C10D4B2dcee83485A3Ba, 450725873584682019
100, 0xC48751DD27D4fB50D3b77AFEc842cA6b57fBEF53, 279371215175642298
101, 0xE285e9A65eC03DF733ca640666Ef2E5e7dbbAB99, 100741516788769999
102, 0x8cEe2a2c556aeE94ed142353798ceBE04d711295, 1381830529099425239
103, 0x4f908eD683AbF6922183505d00f33b63b1f7EBcf, 176225818480011105
104, 0x3D35ecBDa04e03Df1F52517a8BEdbad488D9C854, 45874315112923327
105, 0xD109F0cf11D8ea4D5611699715D8b9c61C095d85, 54073680652456356557316732
106, 0x28ab12fc806776366A5bE98a3CDD57dbb6F2103F, 56207911454901356
107, 0xcCdD85879e331ab7C48c176393500167B4863cee, 538056362782490
108, 0x7FDaC2514AbD6895a6AC2f7e8cb37eE98D2c2124, 65255637442088860037088564
109, 0x829075BDBE98d0849160448e4e8fb73529B21F50, 459637866362355131
110, 0xAed633A166996943157fb6016cf9aCe52Ed48466, 1576038444647175069588756690
111, 0xDAef94A8617CddF53A39070e4ED2aB11c7d0CcE7, 391927564827792988
112, 0x486fdbcD7202F46491BF40e6C9B951BD8978A193, 1539848033548672382
113, 0xa24b4e6a0c8ef8b1C0be4b848c9a833A0925a5aE, 1786351094318184563
114, 0x348BC25638E4e9829DBBED05A2AAdc2619cD697b, 17137535200512029194426618
115, 0xEbEF4815e730e11e3D0d0dF277bA5e1B928845e4, 792277186490125684
116, 0x3b45458b832c07Ee1338CD1c2f6329e4223147ad, 988300246347444431
117, 0xAf4baF6c1E40b402578d1572a5E6840412A0c4c6, 747128485910136278
118, 0xD6bBED8d7bdf598f278941C3A27daffE331f1758, 33826385397284011597470416
119, 0xBfC4e6797aE934e5505B96E7dd7A0f226a3226aE, 26899101156519123
120, 0x7311ed49404eB4473018800a87dffbabEcEf2898, 787697400574648888075447884
121, 0x74A58556aCa354B042F1158597F36a92957d4cE7, 37800975265170742430320345
122, 0x072386D9C608eA63D8EdAE0e4Aa7529eb55946d9, 232361767692034040
123, 0xf012A6c9BA1A3F29E7E6e5bC88dd5eA4dd740086, 125797566682390862
124, 0x2F216100b3566f0016aE8e3b3a0905Bc64440E3e, 0
125, 0x46f02DF4B588418a8e14338b227f1CcCE934FbDF, 188126796849969688370620918
126, 0x764116586f0210CAb0aE2006FaA9106B017175Bb, 158382910122573245151505422
127, 0xa7f993DF1cF05483b5F714782e10184C1F1706C9, 4163754042148071670234934
128, 0x7A059079F2c52fAC6dA9f9fE4Ef0e45D10c02957, 1103716119724868933
129, 0x861beB5702f6a7651c2b6FCe341beBb08E108B5f, 5889451978564055918
130, 0x17Aab533fDA0714507840288424A0017A1aF3815, 555964221090795701
131, 0x08658Dca42a2237BFBb68147d5f8c8A5fb3DBb97, 319181854088748310
132, 0xb20EF1293E1372BCbEd747931eD7F307cD14210b, 9075605762759257073
133, 0xdcD5e7b9a10abC48BAEBbC5d109128EDc822d101, 12564835495207223925
134, 0x08F2e35039D016376049A7484D006CdDc924C6EA, 29407020011344062
135, 0x563423bBcB1114082d53988bb009C572e755A16E, 4015309999271411
136, 0xe382536362D09aD34DB5756780a1Cd832F7D2A12, 526189298757411487
137, 0xD283a184c17ad04276637dA39588Bc3Fb338F6F9, 8306451065586153290272435
138, 0x98a2eaD5B123e411310F7EA0DCE9CAb339F6f648, 7689611634874243539
139, 0x67110137bD562A0CaE9c4e80d71D267b77BBBe53, 207445852
140, 0xA63328aE7c2Da36133D1F2ecFB9074403667EfE4, 1108019298456000
141, 0x16Ce0F1aD896432084a46485821F55CD3e74427C, 836601154438222776
142, 0x5C54e2BAD6d52dF1BD76E42a19a93F94A382c806, 47890897377394273920435168
143, 0xC2731915952c6E767247f1289C4f46Bc9a29B1e3, 417248717930271759
144, 0x16d19a17E23BdAbf4480E60dE86d582b360CD8B6, 601434157735397649
145, 0xf25bf45f265C8eb3Bb9af6b3CE8E0B429CFe5274, 69042555346781668
146, 0xf08ACdbD5d43cC24f0aE4B142306F28F96e95674, 579251547845539892
147, 0xEB292faD7d117091421b40e16Cc328E779073bd9, 18001790027692172
148, 0x7131BDFfc5d35E9Cfc1e528e9D903cBeA4215a24, 13886160983545380937054097
149, 0xD690FaA6934A15Ed045e4e0B2FA48501d240b697, 1190795545134934586
150, 0x5C487B7f8F72Fa110c09Ad2E7bECc5dBe8f8c98a, 25654415271209626
151, 0xf25bf45f265C8eb3Bb9af6b3CE8E0B429CFe5274, 69042555346781668
152, 0x36162C7B2D4a94686d74F8C9649769e1733Ee42E, 2897328162
153, 0x81e7C83B82b2716DC3786c6e09781902946Cb449, 178354488771455336
154, 0xE3aD5006Be2E011a6A3A92aD7A0A7281faC00b51, 410760622385364
155, 0xE7d5a2573290b798aBABc4Bf290B456dcDCD3fc1, 4097304924113959
156, 0x08F2e35039D016376049A7484D006CdDc924C6EA, 29407020011344062
157, 0x74A58556aCa354B042F1158597F36a92957d4cE7, 37800975265170742430320345
158, 0xDd74dd676791F0Aa50F840E65E81e57ca47771dC, 94853515536429065518855654
159, 0x6dc0489ccB74975Ac64a344AAe21a8a89BE6c9C5, 617810641181705722
160, 0x3C411199fff96bBc916da40F5a58784Ef36c0A95, 5187771004488452
161, 0x14835bFE48C3e276027E8eb503c94eDeEA6ecA70, 32997557594863176
162, 0x2eE64F1b7B191FBe98a202d88bF33F166c092533, 142306777726310146381239855
163, 0xBd5dc06C799B27Ac8D9b66106bD40386d26F53Ea, 1207297916511486536
164, 0x0bdD1D27f23237c707FF1Aa0455950c2055B107e, 207251532153763021
165, 0xE770748e5781f171a0364fbd013188Bc0b33E72f, 4028887582378029
166, 0x60CFB90ADe1cE233A3E52a6FA6D59067a9695494, 2509591741863124
167, 0x2dDCB908e6501A4e3dD1aa4848452D75cb112918, 1008395988700171734
168, 0xa9b6b249501e3c52b5793CfbAcAbb54f96d475aC, 3306237087813914
169, 0x50c6d8F1C56a7437948Ba3044dcbb08Dc2bAa335, 36387854065236485
170, 0xEECf5D4560De3592E4F956260a76f7870b89D864, 2264944107617563
171, 0x1BF4ff63e0Fc793ec13d5e029f5310988403Fe1C, 1201443309197566460
172, 0x33ab17c44929Ab7B05D473F6d72d9fA7cDa3D8E7, 5074907334026680945
173, 0xE672512cC630bae44F4E267D8BC803CE7fA96971, 49508280377391538
174, 0xB81BCAe096B99261a06bf7e145A3E845d9c6D8eB, 170491310169180105669674199
175, 0x4b30F99F9dE71E11ed6c48bB46fDae31fc7412c3, 12709978678606853682237595
176, 0x9203302419826C672B9CBEa7f4DfEDE6bbc31D27, 168926930667417414348395511
177, 0xE2a19bcB4C1A75034bb5E874A56e88998267c229, 4215674004481837527246992
178, 0xe70a25A8e242dE9e1B5f6D134d35cfd64E9A714A, 492018938461779953
179, 0x021380ce121a05Dcf5AFDDc091bC4b00Cfc20d2E, 41999590383870178301730395
180, 0x26A947ecF0596D90BE2901217ABC3e3591A8dF3D, 38710682476511041400552625
181, 0xB73298F5E0268Bd6dF2dAf9Ff293848fd3444059, 1491237874052560635
182, 0xe0Fc790D90d8998e347887e9A33A3183914e1d49, 211406005282886165
183, 0xcD8bc8d7aA5bb67b459eeD29254D914cBEC6F165, 68024559873240763
184, 0xEB7cDAB0E80D769546A567FeBaea6585d635FdaB, 110601202010016178447276424
185, 0xC0b16BCfDB122FA43899917245901B3ad344Da9F, 664414246285112
186, 0x419d013866cabd5b6546401740D265760E7261A8, 529335312372116888380001853
187, 0xF1CB19486d805aA15234745496336E5A376E932F, 3651754257273215828
188, 0x5F0B56a31425815664c6a86Ff8aE221A52079bED, 7379353523525260122714636
189, 0x409aA2DD1824D6CA2774aF9f759E409621180d9B, 8491158401392441735020036
190, 0x2aB445aC04eee7f6ceeE6dc3CB1Cc901DB28D130, 86311071788926046944938332
191, 0xc3b01D13785E76C774db3d9DF351AA512034268f, 508123454604026813348987058
192, 0xA9e5dD2B6ad80a07177D8811Cad0Ac041292a81c, 14077248856124322433487241
193, 0x00Fd37095299E7c15e1ba8927bd911AE0Cc00527, 0
194, 0x6dc0489ccB74975Ac64a344AAe21a8a89BE6c9C5, 617810641181705722
195, 0xE478BE343612d593145ee69FC766Ad87F1F534c0, 28237289492661884
196, 0xBEbFe50E01ce3Eaf2171104dc899E3411976f9f5, 124080942747787400407290262
197, 0x2Aa8166d0a9Afee5EDdc54274b04a2f4c9bAF601, 1658880250246576274
198, 0x6921a0024d0AC01d24fe105dDd7d6ba9e01a22a6, 58727548575551472143256792
199, 0x36162C7B2D4a94686d74F8C9649769e1733Ee42E, 2897328162
200, 0xF1CB19486d805aA15234745496336E5A376E932F, 3651754257273215828
201, 0x9025F22542FF2E4e2cf85282ec10b0475F6564de, 7717525762766012898608229
202, 0x9D9eD3484872446D20EDfD5F2De15e87C6e4A382, 2445150461626883757
203, 0x707f6a10CfB5E8d84b4b6D1c67542a74980B2aC0, 611591052655282
204, 0xa9066D6cF61f78c227e577B43A8A7423111af0E1, 903736719920129061
205, 0xaaDaE717f6577aDa20c636b2430dfdb0F908AD54, 364779999008134274
206, 0xA31477c6EEC9543D3e25B1B0108b174008043888, 18000000779848538910681057
207, 0x0E9063fc7dC599B88c7D3c3b60E0FEc2170ceB00, 2754566770
208, 0x89C63cc952acF21db350653494866b9c5d01558a, 68457896694156718
209, 0x623C7776c5E4413ebea487052197d46E7809Ea8E, 656299562712425
210, 0x7CBd6F5f9aA6ee2f0590fa058D7cc6a78f9581CF, 5713475795836435160921015
211, 0xaba8b5Bec80c4BE736148787e4432970C0e5A830, 787495465637187024008218301
212, 0xdC9528e73f770C93ed7895A2928D52eA1D18E1A7, 3832284005970438081470254
213, 0x61FE34858480c543566a637e25eafF8B62186D6a, 5785003834321464288
214, 0x45ad2E0BBA9060964dA9F1516a07a0E7AEba96D7, 18000001431188839120791645
215, 0x0E9063fc7dC599B88c7D3c3b60E0FEc2170ceB00, 2754566770
216, 0x5f5B658EE12425277EF0279359581740cf4C07a8, 32440863552984016
217, 0xb3E257EB155D4fb2cfC70728DE03C3d21bD6E5C5, 351232619999618468777344958
218, 0x45ad2E0BBA9060964dA9F1516a07a0E7AEba96D7, 18000001431188839120791645
219, 0xf8C54708BDf6D126833ffa55117D1943bB050Ab7, 1357546821668694626
220, 0x52D0b3990359D66352066B1d27d181a8b1EFa22f, 283100411967996686691744681
221, 0x20e4Ee7C0079e2B453DE2b9Fc787B9D21852cC2B, 226687692514871120
222, 0x0A4C029273AfCAf8B86f7912E602fA0e9F04D181, 2498652481503618
223, 0xb819A7279971B21e989Da81f914BD1570b5618fF, 0
224, 0x7682E4c73627736BF914DA9E4669342a4d0537BA, 103518835708300537422878879
225, 0xD91fB2376d7d83FE50a02125C43D07f20c7cC910, 11640532144118554
226, 0xb73f95296b1730F9aDc3db432C9B4572747A6cFa, 2611279649201369
227, 0xab646361a38bFDc868784300b1B7C1E88874378b, 67522990168131141630730739
228, 0xbcf2e388070Cf5735E35BA9a4962e6CBc081D501, 0
229, 0x81CdA9Ee72cdf19af4500B89bC4A8db019366efA, 10314713326979976
230, 0xA47206F621250a95C207C776776C075C89e84e5f, 12026514949262953
231, 0xe775b49E34Dc52B8245E794C7A61F1b1260EF06A, 15771340331168676939690969
232, 0xb5415Ec25697777d91BF2cEC1f4Af5BE7176b0fC, 0
233, 0xf1586f0c7D538cFe598be53265a316ABa4915F03, 841374113644104624632225576
234, 0xee7D0A82B1DE512DF6E621D2cEe442d1F4680F78, 82929824367394230645391601
235, 0x7FDaC2514AbD6895a6AC2f7e8cb37eE98D2c2124, 65255637442088860037088564
236, 0x18f445B094feFfc1C95E0B9e365478826489927e, 10932580041026394526318656
237, 0x01924a90CC3E34dc1889B0352DC9d7319fF735D6, 14968153778329317641609416
238, 0x8E98D198b320296F9A76982b6ad5C550b55F34B9, 5756631217195781
239, 0xd26015B685EAFc04Ee4644C6B1D4335A6aF6ae01, 89326782775007629625300227
240, 0xE0125837282b0C11Dab218FBb68C57708Ef84197, 39184981073450456
241, 0xdC1bE4538e171a0E69748f8a4C48673fd9FB18d4, 0
242, 0x98120Ac0dFddBcb68F15e8215d3eeB3a5bA6aBa0, 7593229824951796
243, 0x4cA30bab4a067575083F93DDb2762f23ff8a6cCd, 206175938966660200163667
244, 0x27645058E30e8F8E16Ad786eE093eE04A35D8f8E, 141626178945338991
245, 0xE45C18D7507903FE574AABA06bffD535fFeceD6C, 130726033658097857
246, 0x7ae10a88c235f11e207c7595AaAD1003B863641E, 203698662778790245
247, 0xB1797C5ae75A144D7d3B89668FcC329EAa6D9Cca, 66551906611577182582674257
248, 0x9bb0Fdc9Be12D5507A7530cCD4fe70BC0EaD76C2, 970757076910075009
249, 0xc3b01D13785E76C774db3d9DF351AA512034268f, 508123454604026813348987058
250, 0x9d41Af701041572828993B636c1408192DbB74b1, 314281136961702901925174291
251, 0xB91E92D65DE650B0bEdFC13Be0396Ae69e882FCc, 1167508749993597266
252, 0xF3FD28383c2D710D8d0B023ec5880670F30C1aED, 79995274815246580
253, 0x25770e4c87ef7267d1Db24e9E3E81a7A866f0C61, 207785289873816497
254, 0xCaB03648F02727b5905615Bc27A1EAbc47800F57, 11468792290833460
255, 0xc488e24B8F243B36e80a405328084370200aBe6C, 143884789415957671800056278
256, 0x98041c78F3AE07AeC76884f4E6409DD84804251F, 0
257, 0x1cBBF65D3BE21A70325F48fF3d587F5E047E61A9, 909390529035461181289939799
258, 0x2Fcaf35aA65E9192FE9AbDCFE3cF91C6a0286964, 37159986390988
259, 0x5F82E1fBD20CAa894AdECb6D3E19f8D1e4BAdD3e, 12055339251329582
260, 0x127CF77fb5295FCc8437C02728af64b853B65213, 47222325289266399247281130
261, 0x4ad6f140ba48196dd556ed5C94617CC1D09D9139, 67259166489699162392421418
262, 0xF7e7ba0814E8c2A1dB4a24678F5e96c7975A79AC, 67023413984855672492768405
263, 0x16d19a17E23BdAbf4480E60dE86d582b360CD8B6, 601434157735397649
264, 0xf75b052036dB7d90D18C10C06d3535F0fc3A4b74, 4967968572076824
265, 0xDAef94A8617CddF53A39070e4ED2aB11c7d0CcE7, 391927564827792988
266, 0x21B3B30af0D26678c4c4B9b0aE872a3cF4875B99, 417766579843777462
267, 0x361F63D654415dd984c7885A74C4547E28F50D8a, 2549483126216429094
268, 0x4A0fF5e103708Bc02F1b382eA1be450D08Dd44fa, 68370235349722452322559266
269, 0xfFA76558de8500d53c968C7Bd5dDeb33938807E3, 100704521207187631
270, 0x5a0E2A68cCD1127cb0Fb8848f501069E852984c2, 834571412898334902
271, 0x4ecDa1cC1E029b49Acc3071f60EAE8529246f6eB, 7700006437531356788892283
272, 0xE3E206fa5012c2F59602AbD2e7BbCE4f8cf586C9, 637311168983741606
273, 0x6D8bF5253fdbe8759beC21F25d496935a9e4c43B, 400000016618
274, 0x98a2eaD5B123e411310F7EA0DCE9CAb339F6f648, 7689611634874243539
275, 0x6492C16D7D2Ea11D737537e90449C27F66F1Ac7D, 20262059385576026052940320
276, 0xE68756F1c305d31bFab387654F7B71607b95FD8D, 358328468407150806202439219
277, 0xbf262369aEC52Cca8C8E00aBb0033cAe26650eb5, 108231988445847598
278, 0x6F05A68400281B332E5468E4172b0d50bdCFD485, 71277402980720415
279, 0xaaDaE717f6577aDa20c636b2430dfdb0F908AD54, 364779999008134274
280, 0x2d9e343c6685474953E991Fc174117934EbA0386, 6104909747062353940
281, 0xbcf2e388070Cf5735E35BA9a4962e6CBc081D501, 0
282, 0xCC66d4ae489Ef8c24C5947C2486fF082Ba813Ed3, 872212509852830693
283, 0x2f206436a0503E6eEC1CD19e21001eCdcB2D5f24, 139858759084340882
284, 0x2dDCB908e6501A4e3dD1aa4848452D75cb112918, 1008395988700171734
285, 0xDaE761AB85aF96cD3E57bBEBd87cD90554Dbe5AF, 5102930261129163713099468
286, 0x217b56a1DB313AFE43973985F3402db4dD6862A8, 106942151914321
287, 0x7b7095dC8ef550C48115927C990b853A31819988, 2078945592470158266455785
288, 0xc5DC43D70D6861bE551cb00F93320530E4783400, 2470077794640293
289, 0x2Aa8166d0a9Afee5EDdc54274b04a2f4c9bAF601, 1658880250246576274
290, 0xe70a25A8e242dE9e1B5f6D134d35cfd64E9A714A, 492018938461779953
291, 0xf08ACdbD5d43cC24f0aE4B142306F28F96e95674, 579251547845539892
292, 0xcCdD85879e331ab7C48c176393500167B4863cee, 538056362782490
293, 0x5634456B65DF0BbE71Da324f70640c834443A828, 5232200759698579093108919
294, 0xCB6914af76D79a113f8AB8106285d21dC651eB98, 104261199069100271
295, 0xBd098f40B71d09c17e1D4CE6c1F4Ea36b30F9cfc, 5221444756503140709454227
296, 0x5C487B7f8F72Fa110c09Ad2E7bECc5dBe8f8c98a, 25654415271209626
297, 0x69ed5228E9aB50bE3D7F6E27E411381F08CCf1Fc, 41720366395814884774107028
298, 0xbD6c0f7665E7F7dB1c9E816B3eD2CAdC4a2b03B1, 21610815000850209946798990
299, 0x5a04316531C061A85981f52ad23f3D800637DCBc, 17761853991178750594207588
300, 0x2f206436a0503E6eEC1CD19e21001eCdcB2D5f24, 139858759084340882
301, 0xf75b052036dB7d90D18C10C06d3535F0fc3A4b74, 4967968572076824
302, 0xeC05b967Ce942E3d2a0433E845a7763c60B967C5, 282506934449863
303, 0xEE65153C9dD1246fB85a6e17a321Ed90702Cc25C, 2634780689374978421166766
304, 0x633423520409DEC4321B2D792d217842DAde9EeB, 235466709169309989976371156
305, 0x0c810437Ca4e03DA7578deC3096466C616FC8450, 922672197696286576
306, 0x090ED03EA2C1a1a529327C6Ba51eb94caeDcdE9b, 2093018675735697744
307, 0xe22123aB56942dD1D4080aCA8dea5fFe380dB73e, 9839756309395220400056489
308, 0xbf262369aEC52Cca8C8E00aBb0033cAe26650eb5, 108231988445847598
309, 0x052c9CD67559A2c783F56E901484Df37C0C38d95, 32831550783801929959937913
310, 0x0e825b43603be1F44Da1Ad8aa74eD155acd33AcF, 140952984067579957559107385
311, 0x4Ee43Ae5a70F17B9078AD43C31F9Cfd25f69C92C, 62040395094202040449340308
312, 0x052c9CD67559A2c783F56E901484Df37C0C38d95, 32831550783801929959937913
313, 0x7CBd6F5f9aA6ee2f0590fa058D7cc6a78f9581CF, 5713475795836435160921015
314, 0xbcf2e388070Cf5735E35BA9a4962e6CBc081D501, 0
315, 0x1F434eD60c598997e0394028A1A3a1140088B9AB, 826027056399044470188696470
316, 0x3ff3796F4a4Eb7406C11878fB18244c9148e5abD, 203414025642901605310690582
317, 0x71885701de34bD0590528307ded49f596689404A, 51407035765683644
318, 0x7A0C9059a8adafC9A34379b0d2d53dD49A8BB961, 11279230079129958694657568
319, 0xe0Ad21D1ed10d6AD2bBa684712bBDF367eE6CE66, 95285725820414675414798183
320, 0x395F719dcc7336af8a2bd4BbABa83bfcDDd80f35, 69461209304166910
321, 0x2d9e343c6685474953E991Fc174117934EbA0386, 6104909747062353940
322, 0x1F434eD60c598997e0394028A1A3a1140088B9AB, 826027056399044470188696470
323, 0x2b8a0C4668c61b2D6f1155E1952CA3253fD73939, 15473811142386688544837267
324, 0xf75b052036dB7d90D18C10C06d3535F0fc3A4b74, 4967968572076824
325, 0xE0125837282b0C11Dab218FBb68C57708Ef84197, 39184981073450456
326, 0x3ff3796F4a4Eb7406C11878fB18244c9148e5abD, 203414025642901605310690582
327, 0x8379F589569222Bb3B3d77f8268D5b0D78c7C006, 1236215821241916138270106934
328, 0x15d7eC6b6e298bb4573CA9b8bED7af42140FB703, 137960375361526032532594976
329, 0xbcf2e388070Cf5735E35BA9a4962e6CBc081D501, 0
330, 0x8379F589569222Bb3B3d77f8268D5b0D78c7C006, 1236215821241916138270106934
331, 0x104fAF06f0Bdb7Ec394bcb8a142E413bf75F22E5, 252029978060318435604300001
332, 0x7A0C9059a8adafC9A34379b0d2d53dD49A8BB961, 11279230079129958694657568
333, 0x21B3B30af0D26678c4c4B9b0aE872a3cF4875B99, 417766579843777462
334, 0xE672512cC630bae44F4E267D8BC803CE7fA96971, 49508280377391538
335, 0x27645058E30e8F8E16Ad786eE093eE04A35D8f8E, 141626178945338991
336, 0x96B89676DBb6f24D09C26f7ed202a30be87cf348, 3513910310486203476
337, 0x0627b4c6E08eEb3712C24713F4EB561e3f33319C, 626375336875593039831497566
338, 0x27645058E30e8F8E16Ad786eE093eE04A35D8f8E, 141626178945338991
339, 0x6C2201e1457F37B26ae4c07038fA3ADc74A0D7Db, 751850115021131501745225226
340, 0x52bd5A8cad0782d4ed6e5aBD7BdA8628eEE2C0C3, 22886313849731256197048890
341, 0x8379F589569222Bb3B3d77f8268D5b0D78c7C006, 1236215821241916138270106934
342, 0x1CA0eb898ad8cCf08119744987FF42F6eD793F0F, 32400001084110
343, 0xB294617C29577E7ca6677E9cCF6b99aF8D485025, 25277884736003764863344372
344, 0x1F434eD60c598997e0394028A1A3a1140088B9AB, 826027056399044470188696470
345, 0x76EEd1BC0E8Ac7B85ec20063Ca61074084FcE3eD, 76038216268804856632390324
346, 0xB3a6f6f44D0fc3cb885A5c86cFdC4C3c94Bd4A57, 80740673213819104313369754
347, 0x000000000000000000000000000000000000dEaD, 17768349500574896733
348, 0xac9FBc15D7e1Ae2F516E878791F39bF7380B1268, 9367075998784020203669858
349, 0xac9FBc15D7e1Ae2F516E878791F39bF7380B1268, 9367075998784020203669858
350, 0x1D8fA7616A3eb1fB564F009e5ADda278890ea98A, 58023470931462241911161600
351, 0x7cb5BBc3ECf3B7E7696Eb81f4a501CE20B4E260B, 4147185619025567670933868
352, 0x052c9CD67559A2c783F56E901484Df37C0C38d95, 32831550783801929959937913
353, 0x052c9CD67559A2c783F56E901484Df37C0C38d95, 32831550783801929959937913
354, 0x052c9CD67559A2c783F56E901484Df37C0C38d95, 32831550783801929959937913
355, 0x1d4B09Cd9a6F4082Beea01399B2add0480b55bAd, 8434136340789597703589350
356, 0xC5C0C42d243A2eD29f0AE729b8CCb17541605443, 288399220917810508533223562
357, 0x94aDC42C85f878a611728b20dC827c181EBaBeA5, 9065335076641169
358, 0xE8e054e6B2a0CDaDC5932A8711f71Ca559f8104e, 173976301653117785473665345
359, 0xB55DAd948dD3c1FD84b2665A89cf79bce4778FdB, 55372747830393297
360, 0x044C12011527081E698185673b95438728F2b01e, 88662426183897423227637176
361, 0x63EDCF9D5e5A5101B37dF1cA16804E6FB9Ac5DF3, 981273960130012
362, 0x98a2eaD5B123e411310F7EA0DCE9CAb339F6f648, 7689611634874243539
363, 0x962D214c313755e66036fd333ce3A0D33F4741d0, 23849601804171240886781093
364, 0x9F172E9c602E03d5337452d88462dF383E247c63, 439792744764579565908235494
365, 0xb5415Ec25697777d91BF2cEC1f4Af5BE7176b0fC, 0
366, 0x1BdD1E355C8B6E16167F807F1638d10da6b06Ec8, 36000000261841848432334792
367, 0x1719B2a60A3dC0ccFff07287183340D297Ea6244, 50081251086317378
368, 0x9d41Af701041572828993B636c1408192DbB74b1, 314281136961702901925174291
369, 0x4F63bA4b38Db842B5B610D43Ef5CFe109d60Fa30, 52554595005904687
370, 0xE3C445A35Aa9F273BAfd6AA0A751Dd471F22Ae4a, 22409787237978755
371, 0xD0b17435F13bDEC71644162Cc699D6302E87cCF5, 8553316870881820
372, 0x052c9CD67559A2c783F56E901484Df37C0C38d95, 32831550783801929959937913
373, 0xA092f069609A55Da61Dc48585B10a0F06f2bBF42, 138045074973972370845254693
374, 0xe412E08f27DF855016fDE5F87e73B54ab9D2C951, 7280527963907118864288722
375, 0x521ECbFB6875b125487dC964DA5417BBbc44671E, 747875376084886310785782
376, 0xA092f069609A55Da61Dc48585B10a0F06f2bBF42, 138045074973972370845254693
377, 0xA7617672757d200C7EA5795C4A23037DFF144F39, 101639616722751255895347349
378, 0x89C080776d3E92f9877f4950A4AC8367F55bF19f, 81097943842775491416391681
379, 0xb23c904FdCb484874Ae8AF4CfEe41dF6f1b0D54a, 16271096713565096185999927
380, 0xAae94d6429D38bF1c6eF015115157DC4fFAFA5E5, 57133981172254455949480573
381, 0xc3b01D13785E76C774db3d9DF351AA512034268f, 508123454604026813348987058
382, 0x664a61406BC472c33e8860Fa3C5f0c05A7658746, 539189448425128442868289
383, 0x7d0048555915D6ABDdB8a6199A69d4d664eCC3b3, 3726122883717688278477099
384, 0x1141E7aDD82d113a296950233Cc3C41998f94cbD, 125683867285585561174500635
